,Gene_Symbol
0,TMC2
1,ACTG1
2,CD302
3,PRSS34
4,2810468N07RIK
5,LUC7L2
6,OLFML2B
7,NBL1
8,A630023P12RIK
9,TNC
10,TSPYL4
11,ROBO1
12,LEPR
13,GAPDH
14,GM5595
15,MMP17
16,H2-D1
17,HIST1H2BH
18,MLPH
19,STX11
20,CYP51
21,B430306N03RIK
22,EMP3
23,MBNL2
24,CPVL
25,KLRB1
26,ANKRD13D
27,TRIP6
28,ADAMTS8
29,SSC5D
30,BMP1
31,CSDC2
32,UTP14B
33,A530021J07RIK
34,NME2
35,RPLP2
36,CCL5
37,SERPINB6A
38,AP3B2
39,COQ2
40,NGF
41,F2RL3
42,OSGIN1
43,IFT43
44,FHL1
45,PPIG
46,MYD88
47,GH1
48,SMOK2B
49,NXF1
50,TOP1
51,GM13826
52,DMRT1
53,SELP
54,RET
55,SLC36A3OS
56,GM5535
57,CCAR1
58,KDELR3
59,LRP4
60,CD177
61,REEP5
62,RPL34-PS1
63,EIF4G2
64,DHX58
65,UBB
66,HNRNPH2
67,TXNDC15
68,CHRNA3
69,4930455B14RIK
70,FBXL16
71,CRNDE
72,IL12B
73,CFH
74,OLFML2A
75,SLC16A2
76,SMARCA4
77,5430401F13RIK
78,SFSWAP
79,SCAMP3
80,NDUFA6
81,STK11
82,HAS1
83,PPP1R15A
84,INSIG2
85,TMSB10
86,ZFP568
87,HSPA8
88,XKR5
89,RGS11
90,ATP6V1A
91,SUMO2
92,CX3CL1
93,ANXA9
94,SGPP2
95,CAV1
96,MEGF6
97,GM6251
98,ZSCAN12
99,SLC43A3
100,NSA2
101,4933407L21RIK
102,HMGN1
103,RPL13A
104,FXYD4
105,TUBB4A
106,NELFE
107,H2-K1
108,MYCL
109,F2R
110,SPARC
111,RPS26
112,CYP4X1
113,PXDC1
114,MX2
115,SIGLEC10
116,RPL17
117,CHTOP
118,ABHD8
119,BC030336
120,TMSB4X
121,ZFP36
122,GM1305
123,UBD
124,PROX1
125,RIPPLY3
126,ADGRA2
127,ODF4
128,CALM3
129,GM6402
130,HNRNPH1
131,CSRP2
132,DMBT1
133,EIF3E
134,4921504E06RIK
135,PIK3R1
136,PRR9
137,GM2694
138,HSPH1
139,CCNJL
140,PLPPR2
141,TM7SF3
142,P2RX1
143,LAMC3
144,RALGDS
145,MIR682
146,UBA52
147,COL15A1
148,MCL1
149,CCNL1
150,FABP1
151,HOOK3
152,RPL23
153,CRTAP
154,RRAS
155,LRIG1
156,B4GALT2
157,TARM1
158,TARS
159,CXCL13
160,HNRNPA3
161,ARPC3
162,TMEM50A
163,SLC6A3
164,GINM1
165,SOGA1
166,ELOVL4
167,RND1
168,FOXS1
169,RPS20
170,EBI3
171,LITAF
172,TMEM98
173,DCP1A
174,ALOX15B
175,MARVELD2
176,SRRM1
177,CCDC163
178,COL6A1
179,HLA-DQB1
180,EMILIN1
181,NCMAP
182,FTH1
183,BCL3
184,PPP2CA
185,EMP2
186,ITM2B
187,DCTD
188,1700093K21RIK
189,IGFBP7
190,PLEKHG6
191,FCNB
192,CSDE1
193,S1PR3
194,NDNF
195,FBXW17
196,SEMA3B
197,CYS1
198,ELOVL6
199,ALB
200,ERRFI1
201,FAM186B
202,COPE
203,BAMBI
204,LOCKD
205,CEBPD
206,MARCKS
207,HSPB1
208,H3F3A
209,SVEP1
210,2610528A11RIK
211,DAZAP1
212,HIST1H2BG
213,SPAST
214,AFF4
215,GLI2
216,LRRC2
217,PTK6
218,RPS10
219,MT2
220,PPP6R3
221,CLTA
222,FABP5
223,RFPL4B
224,SSH3
225,SGSM1
226,TMEM47
227,FABP4
228,OLFR1535
229,WDR34
230,DYX1C1
231,CHPF
232,ERICH6B
233,SLC22A17
234,SRPRB
235,RRBP1
236,2610206C17RIK
237,BUB3
238,MATR3
239,H2AFZ
240,EGR2
241,GPIHBP1
242,KIF9
243,HMCN2
244,ST8SIA2
245,H2AFV
246,GADD45B
247,HNRNPA2B1
248,KLK1B8
249,ORC1
250,PRRG2
251,TUBB2A
252,IL1R2
253,AIF1L
254,NOTCH2
255,RPL29
256,MXD1
257,USP19
258,PNO1
259,TMEM64
260,MBNL1
261,TSHZ1
262,ZKSCAN17
263,ITGA11
264,QK
265,FABP6
266,SLC5A1
267,TRPM8
268,EIF5
269,SSR2
270,GNPTG
271,FMO1
272,TSPAN13
273,BNIP3L
274,HMMR
275,RAB1B
276,ITK
277,CD9
278,DNAJA4
279,ARHGDIA
280,RPS5
281,FNDC4
282,XPO7
283,1700029H14RIK
284,DEFB42
285,PSAT1
286,TDRD12
287,REG1B
288,TRAF3IP3
289,RPL5
290,LOC102636406
291,TMEM97
292,SPINK8
293,ATRX
294,MRPL33
295,PDE1C
296,PSG16
297,GNAS
298,SFMBT2
299,LPL
300,TSNAX
301,RELB
302,CAMP
303,S100A6
304,GM20199
305,S100A11
306,LOC108169039
307,KLK1B7-PS
308,MEIS3
309,DTNB
310,GPR83
311,GM15421
312,ZFP957
313,CRLF1
314,WDPCP
315,NRIP3
316,LSM6
317,BST2
318,RPS27L
319,CENPH
320,TCEB3
321,6820431F20RIK
322,AKR1A1
323,CATSPER3
324,PBX4
325,EPB41L4AOS
326,CASP2
327,PQBP1
328,TRIM25
329,CXCL3
330,LGALS9
331,SKAP1
332,LY6K
333,NME4
334,EVA1C
335,DUSP1
336,RHOJ
337,ODF3
338,GM525
339,APOE
340,RPSA
341,MYEOV
342,MBTPS1
343,TMEM30A
344,CYP2A22
345,MYSM1
346,SLC5A6
347,OLFR554
348,RAD54L
349,CPZ
350,GM15908
351,IFIT1
352,GGT7
353,RSU1
354,PA2G4
355,FAM21B
356,RPS28
357,IFITM3
358,TMEM150C
359,HLA-DQA1
360,TXNDC9
361,CXXC5
362,OPRM1
363,DLK1
364,NT5DC2
365,CYB5R4
366,CHODL
367,IL8
368,TUBB6
369,S100A8
370,RPL32
371,TGIF2
372,P2RY13
373,PILRA
374,PPP2R5E
375,CALU
376,NDUFC2
377,TCTE2
378,GKN3
379,PAX7
380,NOL7
381,GNG11
382,COX6A1
383,REG4
384,PRAF2
385,BRPF1
386,3100003L05RIK
387,RPL10
388,TPX2
389,ABCB6
390,NPDC1
391,BOK
392,GSTK1
393,SLC2A10
394,DDX3X
395,PHF11A
396,NCOA1
397,GLUL
398,KIFC2
399,MRPS24
400,OSBP2
401,UBE2D3
402,SRPX2
403,SLC25A5
404,GPX3
405,ELTD1
406,NFKB2
407,JUN
408,PLA2G1B
409,LPP
410,RPS15
411,PPIA
412,ADAMTS4
413,GPHB5
414,SEMA6A
415,KCNN3
416,IKZF4
417,FAIM
418,C1orf172
419,GM11725
420,DTL
421,CIT
422,SERPING1
423,RPS25
424,CDC42EP5
425,ATF4
426,NFATC2
427,CXCL9
428,HGD
429,DDR2
430,OTOA
431,CRYAB
432,ADORA3
433,1700066B19RIK
434,CATSPERG1
435,NR4A1
436,SEMA4C
437,4732490B19RIK
438,PSMA7
439,HMGB1
440,ACTB
441,ROR2
442,CCT6A
443,C5orf27
444,ACOXL
445,MROH8
446,VEGFC
447,ZYX
448,SNRPB
449,BSPH1
450,SNAI2
451,CKAP5
452,IFRD1
453,NCAM1
454,FTL1
455,CDC42
456,SKI
457,UBN1
458,ENO4
459,IL11RA1
460,ZFP239
461,SDHC
462,LAMB2
463,VCAM1
464,CTNNB1
465,FAM199X
466,RPL4
467,SLAMF8
468,TM9SF3
469,4933434E20RIK
470,CELF2
471,IGF2BP2
472,TCAF2
473,PABPN1
474,CAMK2N1
475,CDCA3
476,MTL5
477,ARHGEF10
478,DLGAP5
479,NOL12
480,ARMCX2
481,SALL2
482,TUBA1A
483,RPL31
484,UPP1
485,CYP24A1
486,PDGFRL
487,LPAR4
488,HP1BP3
489,CDC25C
490,OLAH
491,ALOX12
492,COQ8B
493,CALCA
494,HOXA10
495,FOSL2
496,TSPO
497,CPB1
498,YWHAB
499,5730420D15RIK
500,RPS12
501,RBM12
502,TSN
503,FKBP7
504,TIMP3
505,TCOF1
506,CDH5
507,LAMTOR3
508,RPL36
509,ILF3
510,TMEM132A
511,EEF2
512,1110038B12RIK
513,ABHD16A
514,GM12618
515,DSTYK
516,ANTXRL
517,S100A9
518,CD36
519,KRT84
520,TFPI2
521,BRCA2
522,DYRK4
523,PIGC
524,CHST8
525,RPL19
526,CYCT
527,GGNBP2
528,FOXM1
529,PSMB3
530,RALGAPB
531,SEC24B
532,HBA2
533,NR4A3
534,HNRNPF
535,BPIFC
536,SRSF3
537,DHCR24
538,RTN2
539,FCN3
540,CNBP
541,NACA
542,TMC4
543,BLNK
544,RPS14
545,SEP15
546,TCAF1
547,CXCR7
548,PDE3A
549,CYP7A1
550,IDS
551,ATPIF1
552,COLEC11
553,TAP2
554,STAC2
555,CDKN2C
556,PPTC7
557,ARL4D
558,FUNDC2
559,SNCG
560,4933408B17RIK
561,RRAD
562,RPL22
563,CXCL12
564,PSMB8
565,NFE2L2
566,ATP6AP1L
567,ANXA10
568,LRRC17
569,PVR
570,CCNL2
571,HECTD1
572,SERPINA3F
573,OOG4
574,CELA2A
575,EWSR1
576,TNFSF9
577,SYTL2
578,NKD2
579,ATP5G3
580,SIAH2
581,TAGLN2
582,SERBP1
583,HSPB8
584,GZMC
585,CTDSPL
586,LTBP1
587,MED23
588,GSTT1
589,FBXW21
590,ATP5E
591,RPL7
592,GM6654
593,PMEPA1
594,KCNE1L
595,SOD1
596,MEGF10
597,COX8A
598,COL5A3
599,ARL6IP1
600,RPS4X
601,UBASH3B
602,BTF3
603,SVS3B
604,NTRK1
605,REP15
606,FXYD6
607,REM1
608,UNC50
609,GSN
610,SEC14L4
611,ENTPD2
612,FFAR4
613,USP25
614,FAM90A1A
615,TPM1
616,ABHD2
617,C5AR2
618,ARHGAP28
619,CTDSP2
620,PRKAR1A
621,TAC2
622,CCL28
623,DTX4
624,TMEM109
625,IDO1
626,DBX1
627,SLC46A2
628,SNHG15
629,NFKBIE
630,BBOX1
631,TCF4
632,EPRS
633,VEZF1
634,RPS19-PS3
635,MIDN
636,MLL1
637,CLIP3
638,IFITM1
639,PLK3
640,4933406G16RIK
641,ARPC1B
642,BDH2
643,NFE2
644,NEDD4
645,1110028F18RIK
646,FZD3
647,HNRNPA0
648,NPPC
649,RPL23A
650,KHDC1B
651,TMEM176B
652,EPS15
653,TAC4
654,GSTT2B
655,HDAC11
656,CEP128
657,CHGB
658,DHRS11
659,GAS5
660,SYT7
661,BRD2
662,HSPA1A
663,ZFP36L2
664,PRDX2
665,RPL7A
666,NGP
667,VSTM4
668,RTKN2
669,PSAP
670,SLC22A21
671,GALNT14
672,EIF4A2
673,GSTA2
674,CCT4
675,GM15133
676,BDKRB2
677,ZBTB4
678,MYC
679,MON2
680,EIF3K
681,FOS
682,CD8B1
683,RPS27
684,GNG4
685,RASGRP1
686,BLOC1S1
687,ATF3
688,SNHG8
689,ADAMTS5
690,SNRPB2
691,DAG1
692,TUBB4B
693,SOX8
694,TMEM229A
695,YIPF5
696,FSTL3
697,RBM25
698,KPNA7
699,TMEM91
700,RPL26
701,RERG
702,CDH6
703,C1orf116
704,NOTCH3
705,RPS23
706,CRISPLD2
707,JUNB
708,DNAJB1
709,PLCE1
710,CCHCR1
711,FCGBP
712,RCL1
713,BMYC
714,FEM1A
715,MCM5
716,RASL11A
717,REEP2
718,ATP5J2
719,D4WSU53E
720,DDIT4
721,ANKRD29
722,CA14
723,EFHC1
724,RPL35
725,NUMBL
726,DUSP5
727,HTRA1
728,NTS
729,SLC28A1
730,RNF122
731,RPL9
732,SLC7A5
733,RPL37
734,CNN3
735,CSF3
736,SLC4A11
737,CES4A
738,SCG3
739,5930430L01RIK
740,NFIB
741,THEM7
742,RAB3IP
743,9330159F19RIK
744,EPHB6
745,LGALS1
746,SOD3
747,BTG3
748,EIF3G
749,NREP
750,TSPAN15
751,ZFHX4
752,FOXF1
753,HEYL
754,SPATS2L
755,OLFR456
756,OLFR890
757,WDR27
758,BLOODLINC
759,SELE
760,SIGLEC1
761,LILRA6
762,GADD45A
763,RPS8
764,CES1E
765,GAS1
766,RSL1D1
767,UFSP1
768,RPS15A-PS4
769,D630003M21RIK
770,FAAP20
771,PM20D1
772,PDPN
773,GDF9
774,DHH
775,RAB19
776,COL18A1
777,RPL18A
778,MYH4
779,SPCS3
780,RPLP0
781,RPL31-PS12
782,ARHGEF2
783,MMP2
784,CPA6
785,CDR2L
786,TNFSF15
787,RPL14-PS1
788,RPL27A
789,CRTAM
790,TMBIM1
791,RPL37A
792,HTRA3
793,HSPG2
794,PLVAP
795,TRAIP
796,IDH2
797,BEST1
798,AQP1
799,VPS35
800,BAIAP2L2
801,TREM2
802,GSTM1
803,BC051142
804,TANC2
805,UBA1
806,CBX7
807,PI16
808,ZCCHC5
809,ZSWIM7
810,RPS3A1
811,AIF1
812,USP8
813,MFSD13B
814,4930427A07RIK
815,PTGS2
816,MT1
817,PRG3
818,FRMD6
819,CCDC38
820,VMN1R214
821,OLFM1
822,FTO
823,ABR
824,ANAPC1
825,NGFRAP1
826,NUCKS1
827,VPS37D
828,NDUFV3
829,RPLP1
830,TNFRSF12A
831,FLYWCH2
832,FBXO4
833,TMEM35A
834,CD3G
835,PRKAG2OS1
836,RPL39
837,THAP3
838,P4HA1
839,NCOA3
840,ADAMTS10
841,SEC1
842,TMEFF2
843,HSD11B1
844,HNRPLL
845,ARSG
846,ESPN
847,SDC1
848,ENPP2
849,TGIF1
850,GM26641
851,ABCA8A
852,MAP1B
853,HSPA1B
854,CTSL
855,1700074P13RIK
856,TMEM107
857,CTCFL
858,MKI67
859,DDX5
860,RPL30
861,TNNT3
862,SNHG12
863,GBP7
864,PRKCI
865,CIDEC
866,NFKBIA
867,TIMP1
868,CSTB
869,NECAP1
870,COX5A
871,LOC102638047
872,1500012F01RIK
873,CATSPERG2
874,TPM4
875,CYP2D22
876,NKG7
877,TCTN1
878,CFL2
879,GM813
880,RPS3
881,MSR1
882,TRA2A
883,SLC9A3R1
884,HS3ST3B1
885,KCNMB3
886,MYL12A
887,B230112J18RIK
888,2610035D17RIK
889,EEF1A1
890,PPP2R1B
891,PTBP2
892,CCL7
893,HAX1
894,MFSD2A
895,ANKRD10
896,TSHZ3
897,MLL5
898,CEMIP
899,HAPLN2
900,YWHAE
901,ALLC
902,HYPK
903,PTEN
904,IRF7
905,SLC35A1
906,SERPINH1
907,UBA2
908,ILDR1
909,PFDN5
910,SDCBP2
911,GNB2L1
912,KCNIP3
913,ZFP523
914,MAGOH
915,ODC1
916,HERPUD1
917,CD7
918,VIM
919,A530032D15RIK
920,CARD10
921,HSPE1
922,GPRASP2
923,CRLF2
924,GEM
925,LILRA5
926,SLC26A3
927,YTHDF3
928,NCAPH2
929,ENTPD8
930,COL19A1
931,SEC62
932,CYP26A1
933,9530091C08RIK
934,RAD21
935,OLFR183
936,EFS
937,BHLHE40
938,CACNA2D3
939,BCL7C
940,IL6
941,PRPF38B
942,CHRDL2
943,PTMS
944,PTPN5
945,NPAS2
946,UHRF1
947,SPRY1
948,NFIA
949,GM14273
950,GM9846
951,PDLIM4
952,LGALS7
953,SPRY4
954,ADCY6
955,DNAJB4
956,TCEB2
957,COX7C
958,NRADD
959,IL17RA
960,CD82
961,CCND1
962,RBP1
963,HBA-A2
964,NUDT16L1
965,IER5
966,EIF3H
967,SRSF2
968,SOWAHB
969,MYO15B
970,TXNDC8
971,STC1
972,TUBB2B
973,SLC26A10
974,CLCF1
975,CMPK2
976,RSPRY1
977,TTYH1
978,JUND
979,ZIM1
980,RAB6B
981,WDR90
982,GRASP
983,DAAM2
984,NTF3
985,CALCR
986,JMJD1C
987,HSD17B3
988,GM16197
989,GRIK5
990,GAL
991,FAAH
992,ABI1
993,AREG
994,CCL8
995,IER3
996,ICAM1
997,HELB
998,DPT
999,SLC52A3
1000,COL26A1
1001,ASH1L
1002,GXYLT2
1003,LBR
1004,MTFR2
1005,IFNAR2
1006,1520401A03RIK
1007,TNF
1008,RPL41
1009,POLN
1010,RDH5
1011,SNRPE
1012,THSD4
1013,MSC
1014,ELF5
1015,GBP6
1016,AC024580.1
1017,IFITM2
1018,DCSTAMP
1019,SEPT10
1020,GM12909
1021,COX4I1
1022,RPS7
1023,PSENEN
1024,PINK1
1025,IQSEC3
1026,S100A7A
1027,DGKG
1028,A630089N07RIK
1029,B2M
1030,CSF1
1031,PTRF
1032,UQCR11
1033,HEATR9
1034,CLU
1035,FAM49A
1036,MBOAT2
1037,RSPH9
1038,UBC
1039,CSN1S2A
1040,CNTNAP5B
1041,MATK
1042,SMOK2A
1043,RPL18
1044,CDCA5
1045,GM14634
1046,CALM1
1047,CLDN8
1048,ISG15
1049,DYNC1LI2
1050,POLR2D
1051,RBM39
1052,ABAT
1053,CLIC1
1054,ODAM
1055,GM12191
1056,ACKR1
1057,SNHG5
1058,IGFBP4
1059,SVOPL
1060,UPP2
1061,RPL8
1062,EGR3
1063,CLASP2
1064,CXCL10
1065,FBXO11
1066,4930513N10RIK
1067,NOP58
1068,SEC14L1
1069,CRELD2
1070,MARF1
1071,RPL24
1072,ZMYND11
1073,4930463O16RIK
1074,PSMG4
1075,TRAPPC6A
1076,SRSF7
1077,USP47
1078,UGT1A6A
1079,DEFB25
1080,NLRC3
1081,TGOLN1
1082,SPCS2
1083,IL17RE
1084,CD200
1085,NPY
1086,LOXL2
1087,BCL7A
1088,MDFIC
1089,ANO1
1090,PNMT
1091,CEACAM4
1092,4930548H24RIK
1093,STARD6
1094,FAM171A2
1095,SLC44A3
1096,IGFBP5
1097,AIM1
1098,FKBP1A
1099,COL13A1
1100,TIMP2
1101,KCNQ1OT1
1102,MRPL4
1103,GATA3
1104,SWT1
1105,1700011H14RIK
1106,RABAC1
1107,PRG4
1108,COL17A1
1109,GPSM1
1110,YPEL3
1111,SCML4
1112,RPL27
1113,EIF5A
1114,AEBP2
1115,CTSB
1116,GPR35
1117,MANF
1118,CHIC2
1119,ATXN7
1120,FCGR3A
1121,IQGAP2
1122,TOP2B
1123,CRIP2
1124,TCIRG1
1125,LY6C2
1126,PLAT
1127,EIF4H
1128,CCT5
1129,E330013P04RIK
1130,ALDOB
1131,SCGB2A1
1132,ZP3
1133,SLC38A2
1134,PRDX1
1135,RAB6A
1136,TRIM2
1137,ID3
1138,EIF4B
1139,JAKMIP1
1140,BEX3
1141,SPSB4
1142,IIGP1
1143,RCN3
1144,CSN1S1
1145,COQ10B
1146,DHX15
1147,2300009A05RIK
1148,ITPKC
1149,SEC61G
1150,IL17RB
1151,JDP2
1152,RTN4RL2
1153,SERPINA5
1154,GABARAP
1155,CFL1
1156,APOA1BP
1157,MMP3
1158,1700071M16RIK
1159,NIT1
1160,HIST1H2AE
1161,COL3A1
1162,ALDH3B1
1163,HMGN3
1164,GPER1
1165,FAM124A
1166,RELL1
1167,TUBA1B
1168,PLA2G10
1169,LMBRD1
1170,POLD4
1171,PPP2R2B
1172,RGS16
1173,EIF4A1
1174,F7
1175,PRAP1
1176,RTN4
1177,MEST
1178,LGALS9B
1179,TSPO2
1180,SRRM2
1181,PTPRZ1
1182,CLCN5
1183,MYL9
1184,CPSF7
1185,SAA2
1186,SYT17
1187,TFCP2L1
1188,GLIPR2
1189,SRSF5
1190,TMEM8C
1191,VWF
1192,ANTXR2
1193,STEAP4
1194,FDPS
1195,NUGGC
1196,RPS2
1197,C1S2
1198,WFDC3
1199,TMCC3
1200,FOXD2OS
1201,ETNK2
1202,MICAL1
1203,PROK1
1204,EEF1B2
1205,FLNC
1206,IL17RC
1207,ATP6V1C2
1208,ALDH3A1
1209,CLMP
1210,EPHB1
1211,DNTT
1212,E330017A01RIK
1213,IDO2
1214,COL16A1
1215,ERFE
1216,ATP5L
1217,MXRA7
1218,EMX2OS
1219,FBXO7
1220,RSRC2
1221,UQCR10
1222,LTBP4
1223,GALNT16
1224,ZSCAN5B
1225,GAS2L1
1226,LRRC25
1227,GAS6
1228,SRP9
1229,KLF6
1230,CCDC159
1231,CHMP3
1232,CREB3L3
1233,NMNAT2
1234,CSNK1A1
1235,CD34
1236,SGK1
1237,RGS9
1238,PNLIPRP1
1239,VAPA
1240,EVA1B
1241,TRDMT1
1242,PDE4B
1243,KLF11
1244,STIL
1245,ABCA8B
1246,HDGF
1247,TNFRSF9
1248,RARRES2
1249,NCAPH
1250,GM5766
1251,GLRB
1252,PLXNB2
1253,1700029F12RIK
1254,AK2
1255,HYI
1256,SPATA5
1257,GP2
1258,NEAT1
1259,RASAL2
1260,XAF1
1261,WDR33
1262,HIST1H1D
1263,OLFR432
1264,C1orf74
1265,SEPP1
1266,OAF
1267,SLC30A10
1268,NPM1
1269,SNX1
1270,VWA1
1271,LY6C1
1272,LRRC3
1273,ASAP3
1274,NOL10
1275,HEY1
1276,2900092C05RIK
1277,IRF1
1278,RYK
1279,POU6F2
1280,LOC102638913
1281,SRSF6
1282,9430020K01RIK
1283,2700089E24RIK
1284,UCK2
1285,ATP5F1
1286,HPS4
1287,LDHA
1288,1700031A10RIK
1289,FGFR1
1290,H1F0
1291,TRAF4
1292,RN45S
1293,MYOD1
1294,EPHX3
1295,HIST1H4D
1296,HSPB3
1297,KRT74
1298,OLFR330
1299,ZFP622
1300,PITX3
1301,SFRP5
1302,MAK
1303,RPL6
1304,FAU
1305,DRD1
1306,CHD7
1307,PDIA5
1308,ICOS
1309,CHIL3
1310,MUC12
1311,PKMYT1
1312,CADM4
1313,GM17821
1314,TRA2B
1315,GRIN3A
1316,NDUFA2
1317,SMC1A
1318,4933438K21RIK
1319,FOXO1
1320,PPIB
1321,AKR1B10
1322,NME5
1323,GRIA1
1324,PMAIP1
1325,KLF16
1326,CDH20
1327,HID1
1328,VMN1R185
1329,GM5475
1330,R74862
1331,SAT1
1332,CBS
1333,TCF25
1334,HSPA5
1335,OOSP3
1336,SMIM13
1337,ADAM2
1338,RPS29
1339,SLC9B2
1340,TOP2A
1341,TENM4
1342,TMEM51
1343,LARS2
1344,ISG20
1345,CHRNA1
1346,A630076J17RIK
1347,SF3B1
1348,MARCH2
1349,FKBP10
1350,TAB2
1351,LAMA2
1352,TNFAIP6
1353,GM38402
1354,GSAP
1355,MLANA
1356,PRRX1
1357,PPP1CC
1358,C1QTNF3
1359,LIF
1360,FGFR4
1361,NRBP2
1362,SLC27A5
1363,ARID5A
1364,LIX1
1365,MSMO1
1366,MAT2A
1367,KLF2
1368,C2CD4B
1369,PTGDS
1370,ACTA2
1371,LY6A
1372,PPP1R14A
1373,CRACR2A
1374,OAZ1
1375,MTDH
1376,BTG1
1377,1700018A04RIK
1378,PIGZ
1379,OLFML3
1380,POLR2L
1381,C1QBP
1382,TSPAN11
1383,UBE2V2
1384,PRELP
1385,MDK
1386,FADS2
1387,CYR61
1388,RPS19
1389,CDON
1390,GM807
1391,HES1
1392,ZFP36L1
1393,DPM3
1394,WEE2
1395,MYBL2
1396,GPR116
1397,PCBP4
1398,CCND3
1399,MYBPC1
1400,EIF1
1401,TNNI2
1402,SLC2A9
1403,KCNE4
1404,RAPSN
1405,ST3GAL5
1406,RAB11B
1407,SQLE
1408,H3F3B
1409,APLP1
1410,UQCRH
1411,LBP
1412,MAGED1
1413,MSH5
1414,S1PR1
1415,2900060B14RIK
1416,TSPAN33
1417,B230323A14RIK
1418,RPL10A
1419,RPL14
1420,GPN3
1421,PEA15A
1422,PAM
1423,SON
1424,CCR1
1425,HIST1H3D
1426,SDPR
1427,CES1H
1428,OC90
1429,OCLN
1430,ABCG3
1431,CLMN
1432,GCNT3
1433,TMEM92
1434,EGR1
1435,PTGFRN
1436,AHNAK
1437,MPL
1438,RPS24
1439,TMEM63C
1440,THY1
1441,CACNB3
1442,APLNR
1443,NECTIN2
1444,WRNIP1
1445,MAN1A2
1446,SMIM3
1447,CHRNA9
1448,ITGA7
1449,B230216N24RIK
1450,TPRKB
1451,SBSN
1452,YBX3
1453,FANCI
1454,ACTA1
1455,CDKN1C
1456,RPS21
1457,GPX1
1458,SLC9A3R2
1459,MEG3
1460,LAPTM4A
1461,AU021092
1462,ERF
1463,REG1A
1464,GABBR2
1465,SOCS3
1466,RPL36A
1467,IER2
1468,HSP90AA1
1469,RAC1
1470,GM12718
1471,SELK
1472,MORF4L1
1473,CCDC81
1474,PABPC1
1475,RGS2
1476,RPS17
1477,EDN3
1478,GPX5
1479,SNRPG
1480,RPS27A
1481,RPS15A
1482,FKBP6
1483,CDK4
1484,ALDH1L1
1485,LOC102636989
1486,CUEDC1
1487,LOC100041057
1488,BDKRB1
1489,DRP2
1490,BRD4
1491,RPS16
1492,CHIL1
1493,MYF5
1494,POFUT2
1495,PURB
1496,FAM178B
1497,DDC
1498,CAR7
1499,GM11571
1500,NAP1L1
1501,FKBP11
1502,TRIL
1503,XRN2
1504,SRSF9
1505,PRDX6
1506,NUP210L
1507,COX6C
1508,SAA1
1509,TXNIP
1510,CD6
1511,USP22
1512,PDK3
1513,RPS13
1514,PPAP2C
1515,GRIP2
1516,BOD1L
1517,RTF1
1518,TPST1
1519,PROKR1
1520,YPEL4
1521,TMEM255B
1522,TAGLN
1523,GM11437
1524,HS6ST2
1525,MELK
1526,TMEM51OS1
1527,OLFR96
1528,BIRC5
1529,MEIOB
1530,MALAT1
1531,ADH1
1532,TPPP3
1533,TNFAIP3
1534,ATP5A1
1535,GCKR
1536,RPL13
1537,KLF4
1538,MAP2
1539,CMTM5
1540,POLR1D
1541,RUNX1
1542,GNA13
1543,LY86
1544,EPC1
1545,PLAUR
1546,OAT
1547,MEOX1
1548,UBE2I
1549,GM6525
1550,PPP1R14B
1551,FNDC8
1552,RNF6
1553,RPL11
1554,RP5-966M1.6
1555,TROAP
1556,ANXA2
1557,CHRND
1558,1600029O15RIK
1559,TM4SF1
1560,2410006H16RIK
1561,BTG2
1562,HIST2H2BF
1563,CDCA7L
1564,GM4926
1565,HTATSF1
1566,SOX9
1567,IGF2
1568,PLA2G5
1569,RNASE1
1570,GDF15
1571,ZC3H12A
1572,CEBPB
1573,PARK7
1574,SBK3
1575,MPP2
1576,MECP2
1577,MIR6358
1578,SLC25A4
1579,FKBP2
1580,ITGA8
1581,TNRC6B
1582,ENKUR
1583,RHD
1584,TMPRSS5
1585,MGP
1586,PRKCDBP
1587,CBX5
1588,PRRC2C
1589,LATS2
1590,TATDN2
1591,ALDOA
1592,CAPN8
1593,MARVELD3
1594,KCNJ6
1595,TCEAL3
1596,MUC4
1597,SYDE1
1598,CD163
1599,MAP4K5
1600,PHGDH
1601,MGARP
1602,TPT1
1603,CAPN6
1604,FAM178A
1605,VWA3B
1606,RACK1
1607,CCL19
1608,A730008H23RIK
1609,PTMA
1610,GLYCAM1
1611,SBNO2
1612,BEAN1
1613,CTTNBP2NL
1614,RPL36AL
1615,SPRY2
1616,CELA3A
1617,CD180
1618,PEG3
1619,SPOP
1620,CHRNB1
1621,RPL38
1622,OLFR262
1623,NCR1
1624,PNLIP
1625,CPA1
1626,HIVEP2
1627,RPS15A-PS6
1628,YBX1
1629,GSTM2
1630,THBS1
1631,GSTP3
1632,TMEM65
1633,ZCWPW1
1634,FOXRED2
1635,CDIP1
1636,RHBDL2
1637,CBX3
1638,2410004N09RIK
1639,GPRC5A
1640,CSRP1
1641,CIRBP
1642,CCL4
1643,EFHD2
1644,ERDR1
1645,DPPA5A
1646,TARDBP
1647,CCDC36
1648,RPS9
1649,RP9
1650,GM12070
1651,CCNI
1652,MYL6
1653,PPP2R1A
1654,PUM1
1655,MIRG
1656,CNOT1
1657,LMNA
1658,RPL15
1659,ZWILCH
1660,GLTSCR2
1661,P3H4
1662,TSPYL1
1663,CREB5
1664,GM1110
1665,AU019990
1666,EPHX1
1667,NTN5
1668,ZSWIM3
1669,AC007401.2
1670,ACTG2
1671,CXCL1
1672,LIPC
1673,SLC10A6
1674,CHCHD2
1675,MS4A15
1676,NPC1L1
1677,RBM7
1678,TMEM176A
1679,LRIT2
1680,CWF19L1
1681,SF1
1682,ABCB1B
1683,CCDC8
1684,DDX26B
1685,MROH2A
1686,HSPD1
1687,LGALS3BP
1688,VDR
1689,CPNE8
1690,FOXP2
1691,HIST1H1E
1692,RGS4
1693,ATP10B
1694,DAPL1
1695,DNAJA1
1696,LOXL1
1697,DDIT3
1698,TRIP13
1699,ZFP948
1700,ADRB1
1701,RPL35A
1702,AAAS
1703,TUBG2
1704,RPS18
1705,MIR703
1706,METTL7B
1707,S100B
1708,GJC2
1709,COX20
1710,IRF2BPL
1711,LRRC8E
1712,NDUFA13
1713,POLE
1714,ATP5B
1715,ITM2A
1716,SNRPF
1717,GM13889
1718,WDR95
1719,LRG1
1720,MRC2
1721,HINT1
1722,RAB37
1723,CCDC154
1724,SIGLEC14
1725,CXCL2
1726,TGFBR3
1727,ACADL
1728,DES
1729,MARCKSL1
1730,FERMT1
1731,CP
1732,CCL2
1733,RBM3
1734,CHIC1
1735,SHF
1736,WSB1
1737,TMEM252
1738,CCT2
1739,SBSPON
1740,DCN
1741,RPL21
1742,VCP
1743,GPX6
1744,CKB
1745,AKR1CL
1746,SMO
1747,HNRPDL
1748,GM11413
1749,FANCD2
1750,TRIM6
1751,KIRREL3
1752,CITED2
1753,TRIM47
1754,GM8267
1755,GFRA1
1756,ZFP706
1757,ITGAE
1758,DPY19L3
1759,TREML4
1760,PCDHB9
1761,ARPIN
1762,ARL5C
1763,NOS1AP
1764,GLIPR1L2
1765,MCTS1
1766,COL1A2
1767,XIRP2
1768,PSRC1
1769,CDH15
1770,LONRF2
1771,CTRB1
1772,DYNLL1
1773,NCKAP5L
1774,GPR176
1775,SSTR5
1776,ANKRD12
1777,RPL3
1778,ZBTB20
1779,SFRS18
1780,P2RX3
1781,PCBD1
1782,RHOH
1783,COL4A1
1784,SYT15
1785,BAG3
1786,FSCN1
1787,PDE6G
1788,RP11-286N22.8
1789,CNR1
1790,NEK5
1791,FILIP1L
1792,GRHL1
1793,TMEM255A
1794,SERF2
1795,FOSL1
1796,GM13125
1797,TOR1AIP1
1798,ARPC2
1799,RPS6
1800,MCM10
1801,SLC11A1
1802,MTF2
1803,NFKBIZ
1804,FOSB
1805,ESPNL
1806,PHLDA1
1807,GM20594
1808,PGM5
1809,VMN1R13
1810,RPL12
1811,SPON2
1812,RPL28
1813,CRB3
1814,TGM4
1815,CSRNP1
1816,TRIB1
1817,SERINC3
1818,ARF4
1819,MBOAT1
1820,SOCS1
1821,MYADM
1822,GM12253
1823,CRIP1
1824,D930032P07RIK
1825,EIF3I
1826,GM15850
1827,CAPZA2
1828,IL1B
1829,GARNL3
1830,PKM
1831,GM10653
1832,IFIT2
1833,PLEK2
1834,ID1
1835,SLC5A8
1836,S100A16
1837,STAT3
1838,CD209E
1839,PODXL
1840,NAP1L5
1841,S100A10
1842,ERGIC3
1843,HSP90AB1
1844,SOS1
1845,CTSZ
1846,RPS11
1847,ZG16
1848,SLC25A3
1849,POU2F3
1850,ZG16B
1851,ERCC6L2
1852,RAB18
1853,SERPINE1
1854,TM2D1
1855,DDAH2
1856,FLT3
1857,MAFF
1858,MRPL30
1859,PSMA5
1860,CBLN2
1861,CFAP45
1862,CYP2B9
1863,ADAMTS15
1864,FLNA
1865,CD63
1866,HBA1
1867,SELENOM
1868,GALNT9
1869,RNASE2
1870,PMFBP1
1871,EXOSC4
1872,TTLL10
1873,RAB20
1874,PMP2
1875,PPP1R32
1876,VTN
1877,PNRC1
1878,FGF16
1879,CATSPERD
